sr. no,invid,invdate,client name,item name
1,INV0001,2024-01-01,Client 1,Item E
2,INV0002,2024-01-31,Client 1,Item D
3,INV0003,2024-03-01,Client 1,Item C
4,INV0004,2024-03-31,Client 1,Item E
5,INV0005,2024-04-30,Client 1,Item E
6,INV0006,2024-01-01,Client 2,Item B
7,INV0007,2024-02-10,Client 2,Item C
8,INV0008,2024-03-21,Client 2,Item D
9,INV0009,2024-04-30,Client 2,Item C
10,INV0010,2024-06-09,Client 2,Item D
11,INV0011,2024-01-01,Client 3,Item D
12,INV0012,2024-02-20,Client 3,Item C
13,INV0013,2024-04-10,Client 3,Item C
14,INV0014,2024-05-30,Client 3,Item C
15,INV0015,2024-07-19,Client 3,Item A
16,INV0016,2024-01-01,Client 4,Item A
17,INV0017,2024-03-01,Client 4,Item E
18,INV0018,2024-04-30,Client 4,Item D
19,INV0019,2024-06-29,Client 4,Item A
20,INV0020,2024-08-28,Client 4,Item C
21,INV0021,2024-01-01,Client 5,Item E
22,INV0022,2024-03-11,Client 5,Item E
23,INV0023,2024-05-20,Client 5,Item B
24,INV0024,2024-07-29,Client 5,Item A
25,INV0025,2024-10-07,Client 5,Item B
